observableId	observableName	observableFormula	observableTransformation	noiseFormula	noiseDistribution
AURKA_obs_all_data	AURKA_obs	x19	lin	0.16722117308093518	normal
AURKA_obs_all_data	AURKA_obs	x19	lin	0.17841625245148474	normal
AURKA_obs_all_data	AURKA_obs	x19	lin	0.1801513791776228	normal
AURKA_obs_all_data	AURKA_obs	x19	lin	0.18693875598181564	normal
BAX_obs_all_data	BAX_obs	x8	lin	0.1363547447092986	normal
BAX_obs_all_data	BAX_obs	x8	lin	0.14186571378182022	normal
BAX_obs_all_data	BAX_obs	x8	lin	0.15113055848165807	normal
BAX_obs_all_data	BAX_obs	x8	lin	0.15821740992388467	normal
CD44_obs_all_data	CD44_obs	x4	lin	0.13427659014950613	normal
CD44_obs_all_data	CD44_obs	x4	lin	0.13944184710619853	normal
CD44_obs_all_data	CD44_obs	x4	lin	0.15046261230306537	normal
CD44_obs_all_data	CD44_obs	x4	lin	0.15252700497399416	normal
CTNNB1_obs_all_data	CTNNB1_obs	x11	lin	0.12449927936672235	normal
CTNNB1_obs_all_data	CTNNB1_obs	x11	lin	0.1261727756899284	normal
CTNNB1_obs_all_data	CTNNB1_obs	x11	lin	0.14897345710768928	normal
CTNNB1_obs_all_data	CTNNB1_obs	x11	lin	0.14914626634072797	normal
DYRK2_obs_all_data	DYRK2_obs	x22	lin	0.1292194718934758	normal
DYRK2_obs_all_data	DYRK2_obs	x22	lin	0.14026755536307944	normal
DYRK2_obs_all_data	DYRK2_obs	x22	lin	0.15545713867607336	normal
DYRK2_obs_all_data	DYRK2_obs	x22	lin	0.17405700200636492	normal
EGFR_obs_all_data	EGFR_obs	x16	lin	0.136379410914235	normal
EGFR_obs_all_data	EGFR_obs	x16	lin	0.14191389473945545	normal
EGFR_obs_all_data	EGFR_obs	x16	lin	0.14677701914882707	normal
EGFR_obs_all_data	EGFR_obs	x16	lin	0.18373752040788818	normal
EP300_obs_all_data	EP300_obs	x12	lin	0.12742171857487897	normal
EP300_obs_all_data	EP300_obs	x12	lin	0.16671197258588147	normal
EP300_obs_all_data	EP300_obs	x12	lin	0.1676502685215793	normal
EP300_obs_all_data	EP300_obs	x12	lin	0.18685973978724216	normal
FBXW7_obs_all_data	FBXW7_obs	x13	lin	0.10351870471568965	normal
FBXW7_obs_all_data	FBXW7_obs	x13	lin	0.11216439320954469	normal
FBXW7_obs_all_data	FBXW7_obs	x13	lin	0.12256099017237126	normal
FBXW7_obs_all_data	FBXW7_obs	x13	lin	0.179185936931304	normal
FOS_obs_all_data	FOS_obs	x18	lin	0.14715691347150447	normal
FOS_obs_all_data	FOS_obs	x18	lin	0.16256764254370082	normal
FOS_obs_all_data	FOS_obs	x18	lin	0.17705625327318136	normal
FOS_obs_all_data	FOS_obs	x18	lin	0.1801895489184611	normal
GSK3B_obs_all_data	GSK3B_obs	x20	lin	0.11867870866768486	normal
GSK3B_obs_all_data	GSK3B_obs	x20	lin	0.12725343366087571	normal
GSK3B_obs_all_data	GSK3B_obs	x20	lin	0.12930400404677192	normal
GSK3B_obs_all_data	GSK3B_obs	x20	lin	0.15048043552621057	normal
KRAS_obs_all_data	KRAS_obs	x1	lin	0.12898893564057842	normal
KRAS_obs_all_data	KRAS_obs	x1	lin	0.147564027431069	normal
KRAS_obs_all_data	KRAS_obs	x1	lin	0.1490300165930129	normal
KRAS_obs_all_data	KRAS_obs	x1	lin	0.15035394462255453	normal
MET_obs_all_data	MET_obs	x14	lin	0.1034956579659418	normal
MET_obs_all_data	MET_obs	x14	lin	0.12720119995392262	normal
MET_obs_all_data	MET_obs	x14	lin	0.15620690082182515	normal
MET_obs_all_data	MET_obs	x14	lin	0.16174981677501923	normal
MYC_obs_all_data	MYC_obs	x7	lin	0.1300176397196936	normal
MYC_obs_all_data	MYC_obs	x7	lin	0.14634447654797242	normal
MYC_obs_all_data	MYC_obs	x7	lin	0.1561386213294641	normal
MYC_obs_all_data	MYC_obs	x7	lin	0.17433596248887084	normal
NFE2L2_obs_all_data	NFE2L2_obs	x10	lin	0.11888498722616801	normal
NFE2L2_obs_all_data	NFE2L2_obs	x10	lin	0.1396036642776706	normal
NFE2L2_obs_all_data	NFE2L2_obs	x10	lin	0.14639832474018255	normal
NFE2L2_obs_all_data	NFE2L2_obs	x10	lin	0.1550134991365681	normal
PIK3CA_obs_all_data	PIK3CA_obs	x6	lin	0.11842256350413709	normal
PIK3CA_obs_all_data	PIK3CA_obs	x6	lin	0.16504674363224955	normal
PIK3CA_obs_all_data	PIK3CA_obs	x6	lin	0.17015622364160735	normal
PIK3CA_obs_all_data	PIK3CA_obs	x6	lin	0.17294667623225848	normal
STK11_obs_all_data	STK11_obs	x17	lin	0.12953153474575532	normal
STK11_obs_all_data	STK11_obs	x17	lin	0.13188559524634236	normal
STK11_obs_all_data	STK11_obs	x17	lin	0.14916766904061984	normal
STK11_obs_all_data	STK11_obs	x17	lin	0.17370747697300212	normal
TGFBR1_obs_all_data	TGFBR1_obs	x15	lin	0.10308655267610742	normal
TGFBR1_obs_all_data	TGFBR1_obs	x15	lin	0.15422298716935148	normal
TGFBR1_obs_all_data	TGFBR1_obs	x15	lin	0.15771368322888824	normal
TGFBR1_obs_all_data	TGFBR1_obs	x15	lin	0.17232337668445324	normal
TPX2_obs_all_data	TPX2_obs	x21	lin	0.1239057463538919	normal
TPX2_obs_all_data	TPX2_obs	x21	lin	0.1449947482978345	normal
TPX2_obs_all_data	TPX2_obs	x21	lin	0.1620143658492962	normal
TPX2_obs_all_data	TPX2_obs	x21	lin	0.1780826677743668	normal
