observableId	simulationConditionId	measurement	time	observableParameters	noiseParameters	noiseDistribution
KRAS_obs_all_data	model1_data1	0.450448990385908	24		0.128988935640578	normal
CD44_obs_all_data	model1_data1	0.65349146317539	24		0.134276590149506	normal
PIK3CA_obs_all_data	model1_data1	0.434277479289196	24		0.118422563504137	normal
MYC_obs_all_data	model1_data1	0.508889163544933	24		0.156138621329464	normal
BAX_obs_all_data	model1_data1	0.502280187618424	24		0.136354744709299	normal
NFE2L2_obs_all_data	model1_data1	0.427001066560287	24		0.118884987226168	normal
CTNNB1_obs_all_data	model1_data1	0.531900129146876	24		0.124499279366722	normal
EP300_obs_all_data	model1_data1	0.587931017532859	24		0.127421718574879	normal
FBXW7_obs_all_data	model1_data1	0.495560371915498	24		0.10351870471569	normal
MET_obs_all_data	model1_data1	0.42754607290619	24		0.103495657965942	normal
TGFBR1_obs_all_data	model1_data1	0.716911270540302	24		0.103086552676107	normal
EGFR_obs_all_data	model1_data1	0.590329388778463	24		0.136379410914235	normal
STK11_obs_all_data	model1_data1	0.546908080126279	24		0.129531534745755	normal
FOS_obs_all_data	model1_data1	0.54990136703068	24		0.162567642543701	normal
AURKA_obs_all_data	model1_data1	0.501571289245363	24		0.167221173080935	normal
GSK3B_obs_all_data	model1_data1	0.601031070512556	24		0.129304004046772	normal
TPX2_obs_all_data	model1_data1	0.643300827542052	24		0.123905746353892	normal
DYRK2_obs_all_data	model1_data1	0.524494258366696	24		0.140267555363079	normal
KRAS_obs_all_data	model1_data2	0.450274415156823	4		0.147564027431069	normal
CD44_obs_all_data	model1_data2	0.465272352559811	4		0.152527004973994	normal
PIK3CA_obs_all_data	model1_data2	0.574674489360597	4		0.170156223641607	normal
MYC_obs_all_data	model1_data2	0.376119018090126	4		0.130017639719694	normal
BAX_obs_all_data	model1_data2	0.447139102431303	4		0.14186571378182	normal
NFE2L2_obs_all_data	model1_data2	0.424799271909408	4		0.139603664277671	normal
CTNNB1_obs_all_data	model1_data2	0.46421368503808	4		0.148973457107689	normal
EP300_obs_all_data	model1_data2	0.642062879442808	4		0.167650268521579	normal
FBXW7_obs_all_data	model1_data2	0.3938588034187	4		0.112164393209545	normal
MET_obs_all_data	model1_data2	0.397368562619194	4		0.127201199953923	normal
TGFBR1_obs_all_data	model1_data2	0.538332313423477	4		0.154222987169351	normal
EGFR_obs_all_data	model1_data2	0.477526295784005	4		0.141913894739455	normal
STK11_obs_all_data	model1_data2	0.406197866534618	4		0.131885595246342	normal
FOS_obs_all_data	model1_data2	0.504310507992322	4		0.180189548918461	normal
AURKA_obs_all_data	model1_data2	0.489896359165221	4		0.178416252451485	normal
GSK3B_obs_all_data	model1_data2	0.403232672545134	4		0.118678708667685	normal
TPX2_obs_all_data	model1_data2	0.474549220056002	4		0.162014365849296	normal
DYRK2_obs_all_data	model1_data2	0.5799247013552	4		0.155457138676073	normal
KRAS_obs_all_data	model1_data3	0.48443166465706	72		0.149030016593013	normal
CD44_obs_all_data	model1_data3	0.517128087985653	72		0.139441847106199	normal
PIK3CA_obs_all_data	model1_data3	0.617437447023092	72		0.172946676232258	normal
MYC_obs_all_data	model1_data3	0.429378724648996	72		0.146344476547972	normal
BAX_obs_all_data	model1_data3	0.498290018601953	72		0.151130558481658	normal
NFE2L2_obs_all_data	model1_data3	0.481646308988029	72		0.155013499136568	normal
CTNNB1_obs_all_data	model1_data3	0.46502442946114	72		0.149146266340728	normal
EP300_obs_all_data	model1_data3	0.590830413533634	72		0.166711972585881	normal
FBXW7_obs_all_data	model1_data3	0.543718786218724	72		0.179185936931304	normal
MET_obs_all_data	model1_data3	0.483359302581267	72		0.161749816775019	normal
TGFBR1_obs_all_data	model1_data3	0.580961896631284	72		0.172323376684453	normal
EGFR_obs_all_data	model1_data3	0.645860879154328	72		0.183737520407888	normal
STK11_obs_all_data	model1_data3	0.532978206131201	72		0.173707476973002	normal
FOS_obs_all_data	model1_data3	0.553453699635785	72		0.147156913471504	normal
AURKA_obs_all_data	model1_data3	0.541504247391901	72		0.180151379177623	normal
GSK3B_obs_all_data	model1_data3	0.458441677267622	72		0.150480435526211	normal
TPX2_obs_all_data	model1_data3	0.564661765415844	72		0.178082667774367	normal
DYRK2_obs_all_data	model1_data3	0.426621306032855	72		0.129219471893476	normal
KRAS_obs_all_data	model1_data4	0.445371830623126	0		0.150353944622555	normal
CD44_obs_all_data	model1_data4	0.436005953412999	0		0.150462612303065	normal
PIK3CA_obs_all_data	model1_data4	0.586127471567066	0		0.16504674363225	normal
MYC_obs_all_data	model1_data4	0.482836053833424	0		0.174335962488871	normal
BAX_obs_all_data	model1_data4	0.471331637061567	0		0.158217409923885	normal
NFE2L2_obs_all_data	model1_data4	0.439262613823904	0		0.146398324740183	normal
CTNNB1_obs_all_data	model1_data4	0.392653391882995	0		0.126172775689928	normal
EP300_obs_all_data	model1_data4	0.555610296150406	0		0.186859739787242	normal
FBXW7_obs_all_data	model1_data4	0.374431592552485	0		0.122560990172371	normal
MET_obs_all_data	model1_data4	0.488657252668471	0		0.156206900821825	normal
TGFBR1_obs_all_data	model1_data4	0.501895745337909	0		0.157713683228888	normal
EGFR_obs_all_data	model1_data4	0.493523004532037	0		0.146777019148827	normal
STK11_obs_all_data	model1_data4	0.473177949493467	0		0.14916766904062	normal
FOS_obs_all_data	model1_data4	0.509312190161805	0		0.177056253273181	normal
AURKA_obs_all_data	model1_data4	0.504209028337022	0		0.186938755981816	normal
GSK3B_obs_all_data	model1_data4	0.392980778911362	0		0.127253433660876	normal
TPX2_obs_all_data	model1_data4	0.42998443010013	0		0.144994748297835	normal
DYRK2_obs_all_data	model1_data4	0.557079989040682	0		0.174057002006365	normal
